MTI4LjEzOC42NS4yMTY=,128.138.65.216
ODUuMjU1LjIzNC4xMzI=,85.255.234.132
MTY2LjEzNy4yNDQuMTIw,166.137.244.120
NzguODcuNTYuMjQ2,78.87.56.246
MzcuMjYuMTQ2LjE4OQ==,37.26.146.189
ODUuMjI4LjE5NS4xNQ==,85.228.195.15
MTQyLjE2OS43OC4xMTc=,142.169.78.117
MjE3LjEyNi44Mi4yMzc=,217.126.82.237
MTMxLjIxMC4yMzUuMA==,131.210.235.0
MTEwLjU0LjI0Ni4yMg==,110.54.246.22
OTguNi45Ny4yNg==,98.6.97.26
NzIuMTM2LjEyMS4xOTQ=,72.136.121.194
MTA0LjE0LjE1MS40MQ==,104.14.151.41
NzEuNTcuMTk0LjE2MA==,71.57.194.160
MTg2LjExLjc2LjE0NA==,186.11.76.144
NzAuMjcuOS4z,70.27.9.3
MjEyLjE3LjcyLjI4,212.17.72.28
MTAxLjE2NS4yMzQuOTU=,101.165.234.95